Segin Boulevard,22/01/1992
Etus Ridge,13/09/2063
Elufi Parkway,31/07/2004
Ceso River,25/10/1939
Egiita Avenue,09/01/2017
Sisca Square,14/11/1972
Rooja Loop,07/09/1972
Waza Street,10/11/1997
Nure Pass,22/10/1964
Pumpa Court,13/11/2054
Abpe Center,18/02/2032
Nospun Center,27/12/1988
Fesjeh Pass,12/04/1973
Vobu Avenue,30/05/2056
Lode Ridge,17/05/1953
Dohso Parkway,20/01/1951
Ujkuh Court,04/04/1951
Vujtok Pike,14/03/1942
Jogen Highway,02/08/1907
Kakteg Place,19/07/1967
Cuken Way,23/09/1955
Belbe Avenue,15/07/1968
Resig Ridge,04/09/2005
Tapte Grove,12/05/1922
Cidip Highway,14/10/1910
Nejer Highway,18/11/1971
Mevdo Turnpike,10/06/1910
Nonu Parkway,08/01/1930
Tufad Manor,06/02/2051
Tolet Ridge,06/06/2051
Marabi Plaza,24/03/1949
Dafuk Boulevard,02/12/2004
Puhiv Pass,09/07/1997
Lohgeg Way,15/03/1931
Ceri Turnpike,21/02/1966
Juhba Glen,22/08/1986
Facte Plaza,12/05/2031
Cudjak Manor,13/05/1969
Juholu Junction,15/04/2041
Kikik Terrace,09/10/2024
Zojkat River,05/09/2045
Paba Park,01/03/1921
Simug River,26/03/1987
Cigoc Junction,17/09/2003
Ziga Drive,02/05/1935
Gibiru Center,22/12/2036
Isara Grove,10/08/2054
Duki Trail,23/03/2019
Wemo Key,25/01/2002
Vehmo Path,07/11/1918
Wenug Loop,20/05/1935
Cifiv Highway,05/11/1961
Epoiw Junction,28/07/1929
Laccub Trail,28/03/1943
Zutem Parkway,03/06/2008
Dofpo Terrace,06/01/2028
Waru Trail,21/12/1932
Jofher Way,22/12/2059
Emiwah Road,04/06/2056
Gopam Manor,15/03/2035
Kiaf Turnpike,22/10/2008
Mossi Square,28/10/2016
Dalu Grove,07/02/1997
Anpis Pike,15/03/1953
Wutcoz Path,02/07/1916
Uwawo Park,10/08/1902
Tufuze Place,26/11/2037
Kocow Circle,05/08/1943
Ifbu Street,20/03/2003
Ceju Loop,05/11/2022
Luvuw Loop,13/05/1932
Mauv Junction,25/03/1917
Degip View,05/09/1952
Upara Street,13/11/2055
Coge Glen,06/04/2053
Pogru Trail,10/03/1945
Jatevi Point,07/07/1970
Sapsav Extension,09/03/1988
Nuabo Pike,21/10/1946
Buevo Park,29/03/1977
Omnaw Road,22/06/1950
Unegez Plaza,16/03/1963
Luot Pike,22/06/1990
Cutka Extension,28/05/1933
Atives Loop,31/01/1935
Umma Junction,11/11/2070
Zineh Heights,03/10/2052
Arebo Junction,10/11/1900
Lofmuk Extension,26/07/1902
Ekes Center,22/10/2029
Ijail Heights,17/12/2064
Ifupo Highway,19/11/1931
Fuinu Grove,01/11/1983
Ovniw Court,01/03/1999
Erufo Path,04/08/1960
Azanik Turnpike,15/06/1953
Game Center,13/12/2025
Zave Circle,09/10/2048
Zuna Junction,19/01/2006
Zoilo Pass,29/08/1907
Cuet Manor,16/07/1948
Hebe Key,22/03/1948
Igsi Place,12/07/2035
Baih Road,04/08/2016
Ilwam Boulevard,20/11/1966
Oftag Street,24/10/1998
Ruggu Circle,03/05/2058
Sohnoj Place,03/06/1967
Lowub Glen,22/12/1900
Oriji Road,22/06/1975
Kifhem Parkway,26/12/2022
Hiahe Manor,18/06/2054
Agbu Road,09/06/2066
Ovga Turnpike,09/03/1910
Naih Avenue,19/12/1958
Tewcec Court,28/02/1904
Zoskut Heights,14/07/1936
Wudnur Path,09/09/2068
Nipzo Grove,20/08/1996
Ojoba Plaza,29/09/1942
Guluta Plaza,20/07/2009
Menguz Park,20/10/2070
Hirog Square,09/11/1911
Ivvub Mill,28/11/1956
Zuzoc Mill,03/09/1997
Bufer Park,26/06/1963
Awipew Way,20/11/1934
Kepzih Street,02/07/1960
Anepo Plaza,17/08/2053
Gurop River,17/06/1991
Ligsot Extension,09/08/1935
Ojzag Place,23/07/1976
Inas View,01/07/2042
Lujoj Manor,30/06/2045
Bekluh Pass,21/06/2040
Mirnu Heights,06/07/2014
Gudru Path,28/11/1965
Ivupoj Extension,08/03/2040
Zujaw Path,11/07/2038
Fihta Lane,11/06/1953
Kucah Court,24/08/1902
Iksov Square,23/07/1984
Etiwiz Court,13/06/1993
Mubbi Heights,28/07/2066
Ebevac Boulevard,09/11/1906
Toep Road,14/06/2041
Citkig Street,23/12/2060
Hurvu Heights,22/09/1920
Ejudun Way,21/08/1926
Sewi Boulevard,30/11/2070
Gemcod River,03/09/2057
Kuhe Boulevard,11/01/1992
Juva Pass,28/01/1910
Nazma Place,03/05/1913
Makho Glen,15/05/1938
Zesu Square,04/01/1906
Doceda Extension,02/01/1917
Pufok Lane,07/11/1922
Canazi Way,20/11/1967
Sebfu Plaza,16/07/1950
Wisene Highway,28/03/2031
Gizhi Square,21/06/2052
Esuken Way,12/05/2054
Zadin Junction,24/11/1949
Peleci Street,10/12/2032
Vafu Square,08/12/2023
Wazic Heights,12/02/1985
Teaku Center,03/11/2023
Kufmo Way,16/04/1949
Ucpop Path,08/09/1967
Meges Circle,05/07/1947
Cosuju Trail,10/12/2060
Nela Path,30/04/1969
Pewuto Pike,16/03/1909
Dilse Place,13/08/2052
Tacoc Heights,10/04/2002
Licat Place,09/10/2068
Bohif Center,10/06/1929
Zeasa Turnpike,21/12/1967
Umarus Drive,25/05/2021
Gifjo Glen,14/05/1926
Tiiha Plaza,29/11/1923
Azceb Ridge,10/05/1915
Wahso Grove,22/08/1911
Nutru Mill,15/07/2034
Jinpu Pike,12/05/2016
Etbit Square,24/10/1919
Bintot Drive,08/09/2009
Hoha Boulevard,02/12/2024
Edbib Pike,01/07/2059
Irno Terrace,11/04/1934
Subal River,19/12/2050
Govew Way,22/07/1995
Latke Point,09/07/1991
Ilciv Drive,12/02/2049
Rete View,15/02/1905
Dovwi Ridge,21/08/2001
Ihol Heights,20/09/2068
Panas Loop,08/09/2066
Poful Highway,16/03/1993
