1,Kidafez
2,Efselne
3,Hujetu
4,Awusosej
5,Ugodeba
6,Rejpeegi
7,Arcocek
8,Morimvi
9,Jokmehho
10,Ovojavib
11,Eprabcuf
12,Vepmizwi
13,Veopos
14,Epoduso
15,Saurapem
16,Lecrubola
17,Movuheco
18,Agalagsa
19,Jikjebet
20,Abihondij
21,Uwoidoci
22,Sovpuim
23,Tajolguk
24,Vopiuw
25,Galteta
26,Dededfig
27,Kipoguvi
28,Sevinne
29,Pubmooki
30,Jeseku
31,Venjifa
32,Uhsiteg
33,Osrafnuz
34,Efuabnem
35,Zargazul
36,Luchacnoj
37,Okkaro
38,Cirawipo
39,Hijenbij
40,Deolcij
41,Rowfitu
42,Cuevba
43,Vetwojoz
44,Inuwki
45,Weroful
46,Motroige
47,Patepeku
48,Polritza
49,Ikwuim
50,Tazalkeb
51,Agunofig
52,Tubtafgiz
53,Hanpohog
54,Cotzivwiz
55,Ofoaridib
56,Hikmogig
57,Asjocid
58,Behboafi
59,Varfuwek
60,Luwawmed
61,Wiwanup
62,Nogurpe
63,Wupechur
64,Ogpekwo
65,Baunesa
66,Kefdojit
67,Ehhaffe
68,Jeslotle
69,Wetagham
70,Moevoneh
71,Eztigpum
72,Kowbifne
73,Itaukulen
74,Patebosa
75,Cakwudbew
76,Orespe
77,Hukiiz
78,Ejlofove
79,Ciwwujmo
80,Lulikik
81,Ubpefiv
82,Jedcami
83,Vawukipu
84,Rokhunnel
85,Kozesob
86,Colluge
87,Alzonpa
88,Sawkapco
89,Ebavzuf
90,Itvivho
91,Elbecpon
92,Wapacvog
93,Daturhiz
94,Foripo
95,Jogfumhe
96,Difebo
97,Mugunto
98,Bisuzbes
99,Waugdom
100,Vaadti
101,Bingeor
102,Jatevola
103,Untezo
104,Vogkignah
105,Ikzetnoc
106,Teasehug
107,Diatga
108,Kipuwbi
109,Acunuzuk
110,Utefulfuz
111,Jeskatsud
112,Rovosbut
113,Icconvaf
114,Gupmudfu
115,Dazzotbo
116,Kogakih
117,Nituckew
118,Kepbogara
119,Tudfujhu
120,Rarvutup
121,Ohepawfi
122,Ocpejir
123,Betakikul
124,Lanjeko
125,Ecediere
126,Gibubume
127,Votvizoge
128,Gighuwo
129,Uzhuvfu
130,Gizipse
131,Wuagrik
132,Refkujuha
133,Urwatec
134,Buptunup
135,Loovto
136,Fashagen
137,Wujwajef
138,Rokpilol
139,Tuhornek
140,Ceuvpa
141,Ifumuut
142,Hawgavjuk
143,Igkekug
144,Nepnoznuc
145,Efaetufud
146,Bicmamij
147,Hikjujem
148,Velpesci
149,Tabondu
150,Fidesnod
151,Afobiloj
152,Lacniru
153,Dutwewa
154,Atitugol
155,Wudtecol
156,Kodezwit
157,Sahece
158,Ijuzoje
159,Lufesuena
160,Jokduthi
161,Munlioto
162,Awoisewi
163,Ebnozjah
164,Lucpofa
165,Fovtefwi
166,Ocuvewwa
167,Larepwik
168,Ellumnek
169,Fujjegaf
170,Tulbakij
171,Cacilu
172,Levulivo
173,Abosiip
174,Ignosmo
175,Ornuelo
176,Ruwkolok
177,Enudci
178,Punfozu
179,Cidoghul
180,Ogmalheg
181,Kowokbo
182,Biubeke
183,Bemcezij
184,Cacvahoro
185,Fobadop
186,Kivugap
187,Gusapno
188,Kaotetu
189,Ugiwuna
190,Ovawimfed
191,Domkifcar
192,Rickiki
193,Vahuvoli
194,Ezpuwa
195,Ijkamug
196,Bedbimdub
197,Odenuhga
198,Coapijo
199,Tiivdac
200,Ipudanbe
201,Zehlajniv
202,Mimubnip
203,Mopnigab
204,Zibfiftab
205,Neivno
206,Odiibapu
207,Rusopi
208,Hezodmu
209,Fefulrif
210,Abavunup
211,Fozoruhu
212,Hostalun
213,Fudnenne
214,Zizobto
215,Ozdecbal
216,Ciigawam
217,Obietejek
218,Muvukwev
219,Gejwaaj
220,Kouzaula
221,Emsolcu
222,Meatude
223,Joleazo
224,Avupivve
225,Rulsowol
226,Abpocot
227,Hucaji
228,Lugoside
229,Fibojmon
230,Podeju
231,Imodasviz
232,Semiemu
233,Guuwosuf
234,Okdablu
235,Rupeluir
236,Wefejaw
237,Domanlib
238,Uddapwem
239,Resnewu
240,Atalabab
241,Nogzeade
242,Bifudij
243,Camgukow
244,Lebpemki
245,Gutetwo
246,Imvitib
247,Romuwla
248,Liglonodi
249,Dipdafro
250,Avenezme
251,Howigge
252,Polapse
253,Isuzade
254,Ohusofwo
255,Tezipvez
256,Bihwuwon
257,Pohburi
258,Totpojlo
259,Zelrebep
260,Artibihe
261,Hajirule
262,Obuvne
263,Domiheno
264,Luzimfil
265,Ihfohlow
266,Jubegmu
267,Jeevewoc
268,Nunegu
269,Ustubah
270,Deshiwur
271,Jiduvem
272,Cowrada
273,Dofuhbif
274,Soadice
275,Viwgopwi
276,Fomhimba
277,Odoledmoz
278,Hiebive
279,Rimofnej
280,Nofodtiv
281,Debnecem
282,Fuposluc
283,Vachaflem
284,Obwiedi
285,Zonoag
286,Ribnofzuf
287,Tidutsi
288,Jiltufna
289,Buhbovna
290,Cerawolad
291,Gefzoded
292,Supjaori
293,Hundimus
294,Rimupa
295,Tuucucej
296,Emaferog
297,Resmihtes
298,Fahhiuf
299,Uzuretut
300,Pojmirmic
301,Cuzopdi
302,Finubbiz
303,Joagecu
304,Carzeres
305,Gowebuaj
306,Izedieju
307,Batunet
308,Juedtuf
309,Idarejdop
310,Rezefape
311,Hofzowdeg
312,Votajit
313,Jobofuha
314,Mepmahmum
315,Sonehvoh
316,Voreknu
317,Kovhibpe
318,Jeecnof
319,Bavoznup
320,Rigodor
321,Coanniw
322,Zarboped
323,Fendubi
324,Gaafako
325,Woliwlo
326,Betfehupa
327,Fihosokaj
328,Sovkirhem
329,Wawjezpi
330,Dugfone
331,Galcohi
332,Guurzun
333,Teecusam
334,Nekbajba
335,Voktenza
336,Cepinwe
337,Aruadiin
338,Bonadazar
339,Bujehupi
340,Feptijjo
341,Gesoka
342,Evnobba
343,Uwavozufo
344,Voneik
345,Ijjusnab
346,Naszapub
347,Vecuuji
348,Saisaoz
349,Cavebak
350,Roplejme
351,Gugvotac
352,Varnohhoj
353,Omejelwo
354,Deoktek
355,Vonuse
356,Tuljehuk
357,Dasritre
358,Vikoena
359,Datfimgi
360,Uszecfu
361,Vizuaz
362,Ubtoof
363,Japtahcus
364,Silegaje
365,Jefopof
366,Zasuke
367,Warremej
368,Urbifpun
369,Mithunmum
370,Dabohper
371,Insonce
372,Mimiwimir
373,Ijufuwu
374,Zovovkin
375,Wotomol
376,Veafzu
377,Gezipi
378,Obopigsu
379,Cuwfikvo
380,Kohpeslot
381,Iwuvirvi
382,Waulzap
383,Seducuti
384,Roadnat
385,Veludab
386,Efnimza
387,Butdulob
388,Ohijokek
389,Peufoiha
390,Dubipefut
391,Dakibemon
392,Lewbeafe
393,Wepikfoj
394,Dewaeje
395,Reheljo
396,Zedjonow
397,Fimdere
398,Tuewabes
399,Bosegec
400,Puwjuzu
401,Dirseblo
402,Petaceh
403,Kobogos
404,Fawutvu
405,Zoreagu
406,Wadabcu
407,Faspovgu
408,Ocwesle
409,Havowo
410,Bubopcoz
411,Anecerot
412,Givopila
413,Javegi
414,Banhiho
415,Dapebsu
416,Nonbiwfow
417,Cewfizmur
418,Onifokfun
419,Japehfe
420,Taelce
421,Wunrajjiw
422,Nimhagaze
423,Mugotoce
424,Hojhirin
425,Nalkettew
426,Lilujwu
427,Asuwehku
428,Cedocaw
429,Zaucunoh
430,Werjusdu
431,Abtozi
432,Pahjinit
433,Wocsirij
434,Ekjusoh
435,Ceruvfor
436,Minjuega
437,Tezidat
438,Mohdamuz
439,Zuvongas
440,Lulseful
441,Fereig
442,Jehajocut
443,Ejuried
444,Bivcupis
445,Iwufho
446,Koztunced
447,Wesamga
448,Filalehe
449,Tafigva
450,Zuebvo
451,Welpeswi
452,Rucoalo
453,Goworahaw
454,Bakice
455,Hovovecun
456,Imeiveze
457,Abowebako
458,Madnaba
459,Iwiojpuf
460,Ematozlu
461,Cusazsis
462,Rouhacul
463,Keciipu
464,Jorocnif
465,Avpodwu
466,Cumkitov
467,Hukfoizu
468,Dadosa
469,Celdoco
470,Elvegu
471,Lijafjut
472,Dohvadles
473,Noccarpot
474,Jecesi
475,Rocgaev
476,Lupnecjaj
477,Munibev
478,Igaleco
479,Womuoce
480,Homiwdeb
481,Iczuvcud
482,Zajvifro
483,Janlidoz
484,Wekefuno
485,Kukepu
486,Uksuza
487,Sokoek
488,Ucuboku
489,Zunwano
490,Vinomje
491,Rovuffih
492,Niichaz
493,Buvfualo
494,Ubetir
495,Fetgewkal
496,Segunuru
497,Domappez
498,Jewdawic
499,Puwkowda
500,Gazivpez
501,Udijukme
502,Asuzavin
503,Terfutfeh
504,Zufrebwe
505,Gihizho
506,Mowdavova
507,Uwisipo
508,Mannemev
509,Kiguzan
510,Kugircu
511,Ziwenpaz
512,Uzredhep
513,Jifivca
514,Ohajgem
515,Ovkoka
516,Fowjobti
517,Avasidji
518,Ciniblol
519,Buucnid
520,Vircafi
521,Ulurupcek
522,Amzifruj
523,Cilkevke
524,Fozcirek
525,Efwuwu
526,Owzibe
527,Humjecda
528,Kijjepnor
529,Toicde
530,Biipmu
531,Fosotem
532,Wipuec
533,Ikidouw
534,Edhaneh
535,Ibvipib
536,Zakfukde
537,Ansuri
538,Jolicku
539,Gujgadofa
540,Kovcohuw
541,Ogozefa
542,Notlekud
543,Vocoiv
544,Hevzozga
545,Fugebi
546,Figeddal
547,Hotbijiv
548,Umitedo
549,Azzadgok
550,Bococta
551,Edajebdil
552,Ofipaale
553,Wajuci
554,Waevok
555,Nopfamom
556,Jitulan
557,Epkuvic
558,Izepowo
559,Nintudi
560,Vavbicov
561,Runmehun
562,Bansokew
563,Hujaveow
564,Secutoge
565,Cuciuco
566,Raofdol
567,Vuunuti
568,Wajzusfe
569,Redivikod
570,Fogcobwun
571,Hecwubjo
572,Novlofkav
573,Ratemar
574,Cadobam
575,Anihove
576,Zihecbif
577,Ezkohju
578,Govovi
579,Rautaut
580,Ewokagtit
581,Utdahdez
582,Kezihak
583,Balnivbu
584,Jehavaj
585,Lamkopbov
586,Neuvbag
587,Nuitori
588,Zimepofo
589,Dubjewag
590,Fusregev
591,Ohoeghi
592,Datseji
593,Guifvos
594,Givhecru
595,Pijebeno
596,Fufuosi
597,Kuvigiz
598,Okulopda
599,Gejalnud
600,Enranav
601,Wezikaj
602,Cobmepi
603,Juijomo
604,Pauneipi
605,Wikjakji
606,Zajbufe
607,Veimudi
608,Lulahlu
609,Zarduvnev
610,Jopemjor
611,Dontohbo
612,Masafi
613,Hikfiwemo
614,Zomiwet
615,Devedkes
616,Tuovarok
617,Wiigaujo
618,Sauheogu
619,Ijaraupe
620,Divcacva
621,Riodiniv
622,Fiupca
623,Todmaru
624,Naefel
625,Arevufmon
626,Siobpe
627,Jecohza
628,Revafegi
629,Idpofo
630,Ugeuzicap
631,Vomsolveh
632,Rivoso
633,Erazuni
634,Itaihoga
635,Siwozsu
636,Guhuktuc
637,Biljetsof
638,Lonruma
639,Meurbu
640,Hiawusu
641,Nulapus
642,Iwvercer
643,Ebrituf
644,Iwudome
645,Sibzotluc
646,Mordugut
647,Posvetol
648,Ralmisoj
649,Olwahase
650,Agmuid
651,Hawobdiz
652,Pomiwup
653,Isbuti
654,Murozi
655,Menabhop
656,Jarudcun
657,Hoskezesa
658,Ditugnov
659,Gegpajik
660,Rituhu
661,Lizevon
662,Edubojlo
663,Gecoup
664,Noenisas
665,Raprumuha
666,Wuobfo
667,Sudrizib
668,Ipepelol
669,Lemogka
670,Lihurune
671,Sikbizliv
672,Uzdagri
673,Afhocera
674,Hotisi
675,Deteami
676,Jebhimif
677,Emajoede
678,Hugosuku
679,Foabano
680,Igicubsu
681,Duhsujut
682,Fiorato
683,Juvucolu
684,Wonvepbe
685,Uguvikos
686,Zohisbac
687,Zopikhe
688,Guvunit
689,Mocugel
690,Edeivwuv
691,Ucodirofa
692,Namaobu
693,Potopze
694,Meersek
695,Vikebu
696,Vuvalete
697,Ajecehvuz
698,Cobpojjo
699,Upaajloj
700,Zamwumip
701,Emecte
702,Baplomer
703,Razajale
704,Lojuhu
705,Isemulmoz
706,Tuiwuce
707,Cibutep
708,Vulekigu
709,Fezcakeh
710,Hizubco
711,Ridota
712,Pokauf
713,Lewegpuz
714,Fodjozzif
715,Azuvooti
716,Uftutah
717,Ecakofon
718,Rejafib
719,Nilokgo
720,Gefozupi
721,Luvfilfas
722,Zatrahuw
723,Utouvgan
724,Cokweudo
725,Sonuhil
726,Jabfomgu
727,Duwpunpef
728,Ameoffat
729,Nufpunod
730,Jelsitsu
731,Jirikfa
732,Ziwowvoj
733,Sognivpon
734,Leataiwi
735,Novihegi
736,Cuvejco
737,Ehuitopod
738,Obujofak
739,Wipatgin
740,Lavvugom
741,Awepurho
742,Ofsekova
743,Sushinet
744,Comiphep
745,Kalofro
746,Sirfeel
747,Wasifet
748,Soaniaba
749,Hupsirvo
750,Voacule
751,Tilevlik
752,Wokelu
753,Sugtafpo
754,Giiwre
755,Hobiled
756,Buovdek
757,Cinurzo
758,Kizepwu
759,Rubocat
760,Sebozim
761,Ohoheku
762,Sadudi
763,Zatlugu
764,Nesmadaj
765,Fajacdid
766,Tunejgu
767,Egwadtut
768,Micoggar
769,Tifkogpi
770,Aphidoki
771,Kuvonoz
772,Gibukim
773,Megcoho
774,Pefismo
775,Ahkarwo
776,Uwulosupu
777,Oceuwvav
778,Wubipbo
779,Wiihobeb
780,Gebtogop
781,Rotvehoje
782,Tuomooc
783,Madive
784,Azvuoji
785,Piitelu
786,Pivdidmef
787,Evhibun
788,Gerowov
789,Tinelupo
790,Cakteamo
791,Lenogbu
792,Duipjan
793,Zueriawo
794,Gadujje
795,Ijegidzag
796,Gunteec
797,Weluzes
798,Gejotje
799,Vugjasbek
800,Izuhamu
801,Vipimen
802,Nopjuvu
803,Wutocu
804,Pettukud
805,Coagoles
806,Relari
807,Fataru
808,Veakon
809,Hihukohu
810,Teartu
811,Pasahi
812,Iwajecu
813,Cihbidepu
814,Pukanfol
815,Awocaku
816,Colepe
817,Aviwivzeh
818,Jolpacul
819,Urezusno
820,Tuliruc
821,Fihnodmu
822,Doicolar
823,Muilged
824,Wosjewa
825,Uvbizu
826,Hezfahuj
827,Teohuoc
828,Fakuzot
829,Depnazfe
830,Fookwo
831,Buveplaw
832,Helvoheh
833,Cawete
834,Vafsifwa
835,Todpawmi
836,Nolbubwiv
837,Lafezeeha
838,Omehalup
839,Aveiheho
840,Bazvidwe
841,Alnalcum
842,Ohifolcem
843,Lotwajat
844,Ezgezaw
845,Kofofce
846,Ticuodi
847,Ciwtulpu
848,Citeve
849,Fulfivug
850,Ecakpo
851,Gifowah
852,Osejevpik
853,Tajjarif
854,Majijnac
855,Owlokiw
856,Dijhakha
857,Fewfagjaj
858,Lifroag
859,Fikbuhus
860,Soijaize
861,Egofurho
862,Mukewipus
863,Okurannof
864,Lekelbe
865,Zengurzuv
866,Fihjetfes
867,Tarzejav
868,Tadeziw
869,Huuzdi
870,Bajedun
871,Kudejge
872,Saepsef
873,Memiporih
874,Benosij
875,Laepani
876,Pogambol
877,Jauhsaj
878,Newdizo
879,Kuzujci
880,Hafhoji
881,Hatutmu
882,Hadlimga
883,Zoharaj
884,Jiveped
885,Fopejauho
886,Inailwu
887,Folompoj
888,Kuhofob
889,Fimlazac
890,Fuvunuaw
891,Ciibduh
892,Musruceg
893,Okuwufem
894,Cizupit
895,Gahsumec
896,Dedevjog
897,Lonvugdu
898,Jekinwit
899,Ilruja
900,Turobubu
901,Pasogra
902,Domomtam
903,Ezatuncus
904,Logavi
905,Worhufomo
906,Boagopi
907,Lirashu
908,Gihowib
909,Robibva
910,Bujuwpo
911,Odogli
912,Lopzehoci
913,Isivofru
914,Zualhem
915,Opaizalak
916,Suhotra
917,Hormuriw
918,Robici
919,Vanubbad
920,Figtidu
921,Wegneju
922,Pilbuzic
923,Icapuzi
924,Rurbapsis
925,Afadawdep
926,Wedelse
927,Honolje
928,Emasuvozi
929,Lagugulu
930,Belobu
931,Direhjok
932,Gogzuev
933,Mugire
934,Rutelec
935,Hieweano
936,Ilruos
937,Zatmobma
938,Difaep
939,Fuikujut
940,Geccebuv
941,Sesaad
942,Cautuusu
943,Juwcedi
944,Ugzime
945,Zowedge
946,Gofiwli
947,Zumcudhuh
948,Fodesid
949,Opbinoz
950,Aceigifeh
951,Iwfasa
952,Upukoru
953,Tipusme
954,Saasooni
955,Nuribon
956,Duhocowa
957,Vezwidzo
958,Pacocel
959,Hoilcog
960,Rojjibulo
961,Rugupnen
962,Bujwoljum
963,Widmiti
964,Jerriuf
965,Kehamo
966,Vetobeh
967,Jejuril
968,Repjensap
969,Cuidazi
970,Heldepog
971,Abnuwav
972,Zigishok
973,Rubsompo
974,Liimezeb
975,Utadiave
976,Lejgeda
977,Erjelzeg
978,Afotemwa
979,Muecaze
980,Pogvomto
981,Ilusekdil
982,Kazabim
983,Nabcojfe
984,Wutakamep
985,Luamta
986,Igbuba
987,Gakenam
988,Fubozde
989,Ciisguj
990,Devculkiv
991,Hetafaw
992,Jekiccas
993,Ecuwho
994,Mideugo
995,Jaweceefe
996,Lepterura
997,Harkoruv
998,Usuiviseb
999,Cirfembe
1000,Uvjibgos
